id;name;email;experience_level;bio;location;github_profile;linkedin;motivation;usuario_creacion;usuario_modificacion;fecha_creacion;fecha_modificacion
1;apud;Alfredo_RomoTorrez@gmail.com;form lest creamy;../fake-data/blob/hipster.txt;providence;strange into;because why;../fake-data/blob/hipster.txt;after;lest;2025-12-04T23:58:18;2025-12-05T17:35:40
2;without institute scram;Alfredo6@hotmail.com;comb;../fake-data/blob/hipster.txt;upwardly;progress;mmm;../fake-data/blob/hipster.txt;under;separately upon pleasure;2025-12-04T22:57:03;2025-12-05T11:31:12
3;whirlwind wavy;Agustin_CalderonEnriquez74@yahoo.com;monthly premier helplessly;../fake-data/blob/hipster.txt;viciously eek yearningly;before zowie;lean woot devastation;../fake-data/blob/hipster.txt;gosh blah giving;mature repurpose;2025-12-04T21:35:42;2025-12-05T15:05:27
4;hmph before instead;JuanRamon.JuarezSotelo17@gmail.com;beep;../fake-data/blob/hipster.txt;now from;unabashedly blah;neatly meh;../fake-data/blob/hipster.txt;without mature peninsula;lightly aged how;2025-12-05T02:49:42;2025-12-05T09:25:19
5;zowie howl;Federico14@hotmail.com;wherever yuck neglect;../fake-data/blob/hipster.txt;as inquisitively;honestly deliquesce;archaeology gee lack;../fake-data/blob/hipster.txt;boohoo;mallard wherever fleck;2025-12-04T22:27:02;2025-12-05T12:31:37
6;if;Guadalupe83@gmail.com;how if;../fake-data/blob/hipster.txt;although;fort;intrigue;../fake-data/blob/hipster.txt;hyena;release;2025-12-04T19:25:54;2025-12-05T00:22:47
7;sashay;Carolina_DelaoHinojosa@yahoo.com;atop;../fake-data/blob/hipster.txt;absentmindedly;scuffle;lazy;../fake-data/blob/hipster.txt;minus grouchy;gadzooks flowery testimonial;2025-12-04T21:56:35;2025-12-05T07:48:56
8;airmail naturally whoever;Soledad_CarrionAlmonte@gmail.com;armchair through hm;../fake-data/blob/hipster.txt;or magnetize;that defenseless;ferret notwithstanding awareness;../fake-data/blob/hipster.txt;geez because consequently;suburban failing bungalow;2025-12-05T00:49:22;2025-12-05T17:02:05
9;off honestly sedately;Hernan.SolizFonseca44@hotmail.com;triumphantly moment;../fake-data/blob/hipster.txt;the exhaust;zowie whoa;nougat intently and;../fake-data/blob/hipster.txt;once;uh-huh shyly lend;2025-12-05T02:02:56;2025-12-05T09:43:45
10;granular import till;Angel.GallardoBustos96@hotmail.com;cram;../fake-data/blob/hipster.txt;amongst;plastic;bony suffice bouncy;../fake-data/blob/hipster.txt;institute ugh;cautiously physical challenge;2025-12-05T17:26:15;2025-12-04T23:45:18
